id,code_type,session_id,qr_data,qr_code_image,usage_count,max_usage,expires_at,is_active,created_by,created_at,last_used_at
1,registration,3,http://localhost:3000/training/register?session=3&qr=direct-test-123,,0,150,2025-06-17 15:04:12.002,f,3,2025-06-16 15:04:12.002476,
3,registration,7,http://localhost:3000/training/register?session=7&qr=1750061668550-2cnyvk2s6,"data:image/png;base64,iVBORw0KGgoAAAANSUhEUgAAAMgAAADICAYAAACtWK6eAAAAAklEQVR4AewaftIAAAf0SURBVO3BUY5jMZIEwXBC97+yb38KiSFEsJ9qanrDDP9IVf1HK1W1tVJVWytVtbVSVVsrVbW1UlVbK1W1tVJVWytVtfXKISC/gZoJyKRmAjKpuQXknZoTQCY1E5Bbat4BmdRMQE6ouQXkN1DzyUpVba1U1dZKVW2tVNXWK39BzbcB+SYgk5oJyKTmp6n5aWq+Sc23AbmxUlVbK1W1tVJVWytVtfXKw4DcUvNNaiYgP03Nk4BMat6p+TYgk5obQG6pecpKVW2tVNXWSlVtrVTV1iv/ADUngNxS8wmQSc0EZFIzqZmAPAXICSAn1PxrVqpqa6WqtlaqamulqrZe+QcAuaXmBJBP1ExAJjUTkBNqnqJmAjKpOQFkUvO/bKWqtlaqamulqrZWqmrrlYep+WlqJiAngPwGak4AmdRMQG6omYBMaiY1T1HzG6xU1dZKVW2tVNXWSlVtvfIXgPwGQCY1E5BJzQRkUjMBeQqQSc1T1ExAngRkUvMJkN9qpaq2Vqpqa6WqtvCP/IOA3FIzAfkN1ExAvknNBGRS869ZqaqtlaraWqmqrZWq2sI/cgDIpOYEkJ+m5gSQSc0JIJ+ouQVkUnMCyDs1E5D/BjWfAJnUTEBuqflkpaq2Vqpqa6WqtlaqauuVQ2omIJOaE2qeAuSWmgnIpGZS8wmQW2pOAPkEyKRmAjKpOQHkBpBbaiYgk5obK1W1tVJVWytVtbVSVVuvHAIyqZmAnAAyqZmAvFNzAsik5haQSc07IE8CckvNU4BMak6o+WlqJiCTmk9Wqmprpaq2Vqpqa6Wqtl45pGYCMqk5AWQCMql5B2RSMwE5AeQWkHdqJiAn1ExATqj5BMgJNT9NzQkgP22lqrZWqmprpaq2Vqpq65VfDsg7NROQSc0tNROQSc07ICfUnFAzAbmh5haQE2pOAPlEzQk1J4DcWKmqrZWq2lqpqq2VqtrCP3IAyKRmAjKpmYCcUPMJkFtqJiCTmgnIDTVPAjKpeQdkUnMLyAk1N4CcUPNNK1W1tVJVWytVtbVSVVv4Ry4BuaVmAvKJmgnIpOYWkBNq3gGZ1JwAckLNBGRS8wmQJ6k5AeQTNROQJ6n5ZKWqtlaqamulqrbwj1wCMqk5AWRS8xQgk5oTQCY1E5Abak4AeYqaW0BOqLkBZFIzAbml5sZKVW2tVNXWSlVtrVTVFv6RS0D+RWpOAPlEzQTkhJoTQG6oOQFkUnMCyA01J4DcUvPJSlVtrVTV1kpVba1U1dYrh4CcUDMBOaHmBpBbak4AmdQ8Rc03qZmATGpuAZnUfALkBJBJzTetVNXWSlVtrVTV1kpVbeEfuQTkhJoJyKRmAvJOzQkgJ9RMQG6omYBMaiYgJ9T8NCAn1ExAbqh5EpBJzScrVbW1UlVbK1W1tVJVW6/8l6g5oeYdkFtqvgnILTUTkAnIpOYpQCY1E5AJyAk1nwA5oeabVqpqa6WqtlaqamulqrZe+QtqJiBPAvJOzQRkUvPT1JwAMqn5JiCTmknNCTUTkBNAfpqaGytVtbVSVVsrVbW1UlVbrzxMzS0gk5pP1ExATqiZ1ExAJjXvgExqnqRmAvLTgExqbgA5oWYCckLNjZWq2lqpqq2VqtpaqaqtV/4CkEnNBOSEmgnIJ2qeBOQpQCY1J9TcUvMOyC0gP03NBGRScwLIpOaTlaraWqmqrZWq2sI/cgDIpGYCckLNDSAn1ExATqg5AeQTNSeAPEnNTwMyqZmA3FAzAZnUPGWlqrZWqmprpaq2Vqpq65VDaiYgk5oJyAkgn6iZgNxSMwGZ1Hyi5gSQSc0JIE8BMqmZgExqTgC5oeaEmgnICTWfrFTV1kpVba1U1dZKVW3hHzkAZFIzATmh5ilAJjUngNxS8xQgJ9RMQCY1nwB5kpoJyE9T85SVqtpaqaqtlaraWqmqrVf+ApBJzQRkAvLTgJxQMwH5BMik5oSaJwH5RM0EZFJzAsikZgLyTs0E5ISaCcgJNZ+sVNXWSlVtrVTV1kpVbb3yF9RMQE6ouQFkUnNLzQRkUvOJmgnIpGYCckLNpOYGkEnNBGRSM6mZgHwC5ISaCcg3rVTV1kpVba1U1dZKVW298jA1J4BMaiYg79RMQCY13wbkKWomIBOQSc0E5J2aE0BOAPmt1ExAbqxU1dZKVW2tVNXWSlVt4R/5HwfklpqnAPk2NROQT9RMQG6pmYBMam4AmdT8tJWq2lqpqq2VqtpaqaqtVw4B+Q3U3FIzAZnUTEAmNb+VmndAfgsg79ScADKpOQFkUvPJSlVtrVTV1kpVbb3yF9R8G5CnADkBZFJzQ81voGYCMqmZgExAbqm5oeYEkKesVNXWSlVtrVTV1kpVbb3yMCC31HyTmhNAJiA3gExqJiAn1Pw0NROQE0CeAmRS800rVbW1UlVbK1W1tVJVW6/8PwfkhJpvUnMCyFPU3FIzAbmh5gSQW2purFTV1kpVba1U1dZKVW298g9QcwLIpGYC8k1AJjW31ExA3qmZgExqJiCTmltqPgEyqbkFZFLzyUpVba1U1dZKVW2tVNXWKw9T8xsAmdScUDMBuaHmSWpuAJnUnFAzAZnUTEAmIE8B8k0rVbW1UlVbK1W1tVJVW/hHDgD5DdRMQG6puQXknZpvAzKp+QTIpOYEkG9S821AJjWfrFTV1kpVba1U1dZKVW3hH6mq/2ilqrZWqmprpaq2Vqpqa6WqtlaqamulqrZWqmrr/wD6qN2BskaqygAAAABJRU5ErkJggg==",0,100,2025-08-01 12:00:00,f,1,2025-06-16 15:14:28.550994,
4,registration,11,http://localhost:3000/training/register?session=11&qr=1750068965300-xr1qydcna,"data:image/png;base64,iVBORw0KGgoAAAANSUhEUgAAAMgAAADICAYAAACtWK6eAAAAAklEQVR4AewaftIAAAgQSURBVO3BUY5rNxYEwUpC+99yTv+NcDDEJWjpue2pCPyRqvqfVqpqa6WqtlaqamulqrZWqmprpaq2Vqpqa6WqtlaqauuVQ0B+AzW3gExqbgF5p+YWkEnNBOSEmk8BMqm5BeQ3UPNkpaq2Vqpqa6WqtlaqauuVv0DNtwH5FDUTkFtqngA5oWYCMqmZgDwBMqn5JCCTmidqvg3IjZWq2lqpqq2VqtpaqaqtVz4MyC01N4DcUjMBOQHknZpJzScBOQHknZpbaiYgk5pPAXJLzaesVNXWSlVtrVTV1kpVbb3yL6XmBJBJzQkgN4BMak6oOQHkCZATak4AmdT8k61U1dZKVW2tVNXWSlVtvfIvBWRScwvIpOYJkEnNBOQEkBNq3gGZ1ExAJiCTmgnIv81KVW2tVNXWSlVtrVTV1isfpuY3UHNCzacAmdTcUjMBOQHknZoJyKTmBJBvUvMbrFTV1kpVba1U1dZKVW298hcA+ScBMqmZgExqJiDv1ExAJjWfpGYC8ilAJjUTkBtAfquVqtpaqaqtlarawh/5hwMyqfk3AjKpmYDcUFP/tVJVWytVtbVSVVsrVbX1yiEgk5oJyDepmdTcAjKpmYBMaj4FyKTmU9RMQG4BmdScAPJNaj5lpaq2Vqpqa6Wqtlaqagt/5ACQv4OaJ0BOqDkB5E9T8xsAmdRMQCY1E5BJzTsgk5oJyC01N1aqamulqrZWqmprpaq2XvnlgLxT80lATqiZgLxTcwvIpGYCckLNOyDfBuSGmgnIpOYEkAnIpObJSlVtrVTV1kpVba1U1Rb+yCUgt9RMQCY174CcUDMBmdRMQG6omYBMaj4JyBM1E5BJzS0gJ9S8AzKp+SQgk5onK1W1tVJVWytVtbVSVVv4IweAnFAzATmhZgLyKWpuAXmi5gSQSc0nAXmiZgIyqTkB5IaaCci3qXmyUlVbK1W1tVJVWytVtfXKITUTkAnIpGYCMgGZ1LwDMqm5BWRSc0LNEyC3gNxS8w7ILSCTmhNqngCZ1PwGK1W1tVJVWytVtbVSVVuvHAJyQs0nAXkC5ISaW2omIN+k5gSQCcg7NROQSc0JILeAvFNzAsikZgJyQs2TlaraWqmqrZWq2sIf+QcB8m1qTgB5p+YEkFtqTgB5p+bbgHyTmhNAJjU3Vqpqa6WqtlaqamulqrZeOQTkhJoTQL5JzQTkFpBJzTsgJ9R8EpBJzRMgk5oJyKRmUjMBeaJmAnICyKRmAjKpebJSVVsrVbW1UlVbK1W1hT9yAMik5gSQSc0EZFLzBMgJNROQE2qeAJnUnAAyqZmATGomIO/U/B2ATGo+BcgJNTdWqmprpaq2Vqpqa6WqtvBHLgGZ1HwSkCdqPgnIpGYC8qepOQHkiZoJyKTmk4A8UXMCyC01T1aqamulqrZWqmprpaq2XjkEZFLzSUAmNe+AfBKQSc0JNe+ATGpuAZmAnFDzBMikZgLySWo+Rc0JIDdWqmprpaq2Vqpqa6WqtvBHDgC5pWYC8ilqbgE5oeYJkFtqJiAn1ExA3qk5AWRSMwGZ1ExAnqiZgNxS8ykrVbW1UlVbK1W1tVJVW/gjB4CcUDMBuaXmHZBbak4AuaFmAjKpOQHklpp3QCY1E5ATaiYgk5onQCY1E5BJzQRkUnNjpaq2Vqpqa6WqtlaqauuVXw7INwG5peYdkFtAJjUTkBtqTqg5AWRScwLIEyCfBGRS82SlqrZWqmprpaq2Xjmk5gSQW2puAJnUTEC+Sc0E5ISaCcgJNROQJ2r+DmreAfk2NTdWqmprpaq2Vqpqa6WqtvBHvgzIpGYC8kTNCSCTmgnICTUTkHdqbgE5oWYCMql5B+SEmltAJjUTkBtqJiCTmgnIpObJSlVtrVTV1kpVba1U1Rb+yAEgk5pPAjKpeQfkk9RMQE6oeQfkhJo/Dcik5gSQSc0JIJOaTwEyqfmUlaraWqmqrZWq2lqpqq1XPgzIJwG5oeaT1ExA3qn5OwCZ1HyKmgnIpGZSMwF5omYCcgLICTVPVqpqa6WqtlaqamulqrZe+QPUnAAyqXkH5ASQSc0EZFIzAbkBZFIzAZnUTEBOAHmn5u8A5ImaW2q+aaWqtlaqamulqrZWqmrrlT8AyC0gT9RMQE6oOaHmU4BMak6oOQHkCZATak4AuQHkhJoJyC01T1aqamulqrZWqmprpaq28Ef+4YDcUnMCyBM1J4DcUnMDyAk1E5Bbam4A+SQ1N1aqamulqrZWqmprpaq2XjkE5DdQM6mZgExqbql5AmRSc0LNCSA31ExATqg5AeQEkHdqvg3IpObJSlVtrVTV1kpVbb3yF6j5NiBPgHwbkCdqbgG5pWYC8lup+RQ1E5BPWamqrZWq2lqpqq2Vqtp65cOA3FLzTUBOqJnUTEDeATmh5tvUPFEzAZnUTEBOAPkmIN+0UlVbK1W1tVJVWytVtfXK/zk1t9S8AzKpOQFkUnMLyA01t9RMQJ6omYBMaiYgJ9TcWKmqrZWq2lqpqq2Vqtp65V9KzScBuQFkUjOpmYCcUPOnqZmATGpuqDmh5gSQSc2TlaraWqmqrZWq2lqpqq1XPkzNn6ZmAnJCzQk1E5Anam6pOQFkUvMEyCepmYBMat4BuaXmm1aqamulqrZWqmprpaq2XvkLgPwGQE6omYB8E5ATaiYgk5pJzQTkiZoJyKRmAjKpOQHkhpoJyDetVNXWSlVtrVTV1kpVbeGPVNX/tFJVWytVtbVSVVsrVbW1UlVbK1W1tVJVWytVtfUfja3YsBScl3oAAAAASUVORK5CYII=",0,100,2025-08-01 12:00:00,f,3,2025-06-16 17:16:05.300821,
5,registration,4,http://localhost:3000/training/register?session=4&qr=1750075157154-6ym5zaf8d,"data:image/png;base64,iVBORw0KGgoAAAANSUhEUgAAAMgAAADICAYAAACtWK6eAAAAAklEQVR4AewaftIAAAf5SURBVO3BUY7cQJYEwfBE3f/KvvosPEyCCYrs6dGGGf6RqvqPVqpqa6WqtlaqamulqrZWqmprpaq2Vqpqa6WqtlaqauuTQ0B+AzUTkEnNBOSEmgnIpOY3ADKp+QZkUnMCyKTmLiC/gZorK1W1tVJVWytVtbVSVVuf/AU1bwPyJjUTkEnNm4BMak6ouaJmAjKpmdS8Sc3bgNyxUlVbK1W1tVJVWytVtfXJw4DcpeYONROQSc0E5ASQSc2bgExq3gRkUnMCyKTmDiB3qXnKSlVtrVTV1kpVba1U1dYn/wAgT1JzAshT1DwJyDc1TwLy/8FKVW2tVNXWSlVtrVTV1if/ADUTkAnIpGYCMql5ipoTQCY1E5BJTf29laraWqmqrZWq2lqpqq1PHqbmN1Bzl5oTaq4AmYDcBWRSMwH5pmZSc5eaN6n5DVaqamulqrZWqmprpaq2PvkLQH4DIJOaCcikZgIyqZmAfFNzQs0EZFIzAXkKkEnNBGRSMwGZ1FwB8lutVNXWSlVtrVTVFv6R/3FA7lIzAZnUXAFyQs2TgFxR8yQgk5p/zUpVba1U1dZKVW2tVNUW/pEDQCY1E5ATaiYgd6iZgExqJiCTmp8G5ISaE0C+qZmATGruAjKpmYB8U3MCyKRmAnJCzZWVqtpaqaqtlaraWqmqLfwjNwE5oWYCMqm5AuQuNW8CMqmZgJxQMwGZ1DwFyKTmBJATar4BmdRMQO5Sc8dKVW2tVNXWSlVtrVTV1id/Qc0JIHcBuUPNCSCTmgnIpOabmgnICTUTkN8AyF1qJiBXgJxQ86aVqtpaqaqtlaraWqmqrU8OAZnUvE3NHUAmNXepmYB8U3NCzQRkUjMBeQqQE2pOAJmA3KFmAjIBmdQ8ZaWqtlaqamulqrZWqmoL/8iDgExq7gJyRc0JICfUnAByRc0EZFIzAZnUnADyTc0JIJOaCchT1ExA3qbmykpVba1U1dZKVW2tVNXWJ4eAPAnIpGZS8w3IBORtQO4AcgLIk9RcAfIbALlLzQTkKStVtbVSVVsrVbW1UlVbn/yXqJmAXFEzAZnU/DQ1TwLyJjUTkAnIpOYpQCY1J4CcUHPHSlVtrVTV1kpVbX1ySM0E5ASQE2reBGRSMwE5oea3AvJNzQk1E5ATQCY1dwCZ1ExqJiBPWamqrZWq2lqpqq2Vqtr65C+omYCcUDMBuUPNBGRSMwGZ1LwJyKRmUnOXmm9ATqg5AWRSMwGZ1FxRMwH5aStVtbVSVVsrVbW1UlVbn/wANROQE2quAPlvAPJNzQk1E5ATaiYgk5oraiYgJ9RMQE4A+abmLjUTkAnIpObKSlVtrVTV1kpVba1U1dYnPwDIpGYCMgH5pmZSMwF5m5o7gJxQMwGZ1ExAnqJmAnJCzQTkCpBJzQTkTStVtbVSVVsrVbW1UlVbnxwCMql5m5o3qZmATGomIL+Vmm9AJiCTmp8G5ASQSc0EZFJzx0pVba1U1dZKVW2tVNUW/pEDQCY1J4BMak4AeYqau4DcoWYC8jY1V4BMak4AuUvNNyAn1NwFZFJzZaWqtlaqamulqrZWqmrrk4cBuQvIpOYKkEnNT1MzATmhZgJyQs0VIJOaE0AmNROQSc0daiYgk5oJyKTmjpWq2lqpqq2VqtpaqaqtTw6pOaHmBJBJzQTkipoJyKTmSWruUDMBmdS8Ccik5i41J4DcoeaEmqesVNXWSlVtrVTVFv6Rm4C8Tc0VIHepmYBMaiYgV9RMQCY1J4D8NDUngJxQcwXIpGYCcpeaKytVtbVSVVsrVbW1UlVbnxwC8jY1E5CnqJmATGomIJOaK0AmNSeATGpOAPlpak4A+abmSWomIHesVNXWSlVtrVTV1kpVbeEfeRCQSc0JIJOab0BOqJmAnFBzAsg3NSeATGruAjKpuQJkUjMBOaHmKUDepubKSlVtrVTV1kpVba1U1Rb+kZuA/DQ1J4CcUDMBOaHmKUAmNXcBeYqaCcgJNVeATGruAjKpuWOlqrZWqmprpaq2Vqpq65NDQCY1E5BJzQRkUvMmNSfUnAByRc1dQJ6iZgIyqXkSkKcAmdScADKpubJSVVsrVbW1UlVbK1W1hX/kZUBOqJmAfFMzAblLzV1AvqmZgExqJiBvUnMCyAk1E5DfQM1TVqpqa6Wqtlaqamulqrbwj/yPAzKpmYDcpeYKkBNq3gbkipoTQCY1E5BJzR1AJjUngJxQc2WlqrZWqmprpaq2Vqpq65NDQH4DNU9ScwLIpOaKmhNAJjUTkBNqrgCZ1ExqngTkm5oTQH7aSlVtrVTV1kpVbX3yF9S8DchvBeQOICeATGomIBOQK2omIG9Tc4ean7ZSVVsrVbW1UlVbK1W19cnDgNyl5g41E5C3qbkCZFJzAsgJNROQb2omIJOau4BMQH4akEnNHStVtbVSVVsrVbW1UlVbn/wDgExqJiB3qZmAvEnNm9ScAHJCzQTkipoJyAkgb1qpqq2Vqtpaqaqtlara+uQfBeRtar4BmdRMQE6omYD8VkDeBGRSMwF5ykpVba1U1dZKVW2tVNXWJw9T89PUTEAmNROQSc0JIHeomYBMQCY1J4BcAXJCzQRkUvMmNROQSc1TVqpqa6WqtlaqamulqrY++QtAfgMgd6k5AWRScwXICTU/Tc0E5G1A3gTkhJorK1W1tVJVWytVtbVSVVv4R6rqP1qpqq2VqtpaqaqtlaraWqmqrZWq2lqpqq2Vqtr6P1FY0KnOgjOiAAAAAElFTkSuQmCC",0,,,t,1,2025-06-16 18:59:17.154513,
6,attendance,4,http://localhost:3000/training/attendance?session=4&qr=1750075157283-8pvspauxc,"data:image/png;base64,iVBORw0KGgoAAAANSUhEUgAAAMgAAADICAYAAACtWK6eAAAAAklEQVR4AewaftIAAAgZSURBVO3B0Y5jOZYEwXBC///LvvkonB1CBOuqJns6zPBHquo/WqmqrZWq2lqpqq2VqtpaqaqtlaraWqmqrZWq2lqpqq1XDgH5DdQ8CcikZgIyqfkEyKTmSUA+UfMkIJOaE0B+AzWfrFTV1kpVba1U1dZKVW298gfUfBuQG0AmNZOaW0A+UfMkICfUvAMyqTkB5ASQSc0nar4NyI2VqtpaqaqtlaraWqmqrVceBuSWmhtATgD5rYBMaiY1E5AJyDs1E5BJzaTmBJCnALml5ikrVbW1UlVbK1W1tVJVW6/U/6NmAjKpuQFkUnMCyKRmAnIDyKTm32qlqrZWqmprpaq2Vqpq65X/UWqepOabgDxJzTsgk5oTQCY1/wYrVbW1UlVbK1W1tVJVW688TM1vAOSEmhNAJjVPUXMLyKTmnZoJyKRmUjMB+SY1v8FKVW2tVNXWSlVtrVTV1it/AMhvpWYCcgLIpGYC8k7NBGRSMwGZ1ExAJjUTkHdqbgGZ1ExAbgD5rVaqamulqrZWqmrrlUNq/kmATGpuAZnU3ADytwE5AeSWmhNq/ilWqmprpaq2Vqpqa6WqtvBHDgCZ1ExAvknNCSAn1ExAJjUTkBtqngTkEzUTkCepOQHkm9Q8ZaWqtlaqamulqrZWqmoLf+RBQCY13wTklpqnAJnUnAAyqZmATGqeAmRS8xsAmdRMQCY1N1aqamulqrZWqmprpaq2XnmYmltAnqJmAnICyKTmBpBJzaRmAjKpmYBMat4BmdR8G5BJzQ01E5ATQCY1n6xU1dZKVW2tVNXWSlVtvfIwILfUfALkBJBJzQRkUjMBuaHmSUBOAHmnZgIyqTkB5ClAJjUn1JwAcmOlqrZWqmprpaq2Vqpq65VDQCY1J9RMQE4AeQqQW2omIJ8AOaHmlpoJyCdqJiCTmicBeadmAjKpmYB800pVba1U1dZKVW2tVNUW/sglILfUTEAmNTeATGqeBOSdmltAbqn5BMik5gSQSc0EZFLzCZBJzS0gk5obK1W1tVJVWytVtbVSVVv4I5eATGomICfUTEDeqTkB5ISaW0BuqJmATGomIDfUTEAmNSeAPEXNCSCTmgnICTWfrFTV1kpVba1U1dYrh4DcUnNLzSdAJjUTkFtAJjXvgNxSc0LNCSCfqLmlZgIyqfkEyAk1f9tKVW2tVNXWSlVtrVTV1it/QM0E5ISaE0DeqTkBZFJzAshT1JwAMqk5AeQGkBNqbgH5JiDftFJVWytVtbVSVVsrVbX1yn8JkBNqvgnIpGYCcgPICTW31HwCZFJzAsikZlIzAZnU3AAyqZmATGpurFTV1kpVba1U1dZKVW3hjxwAckvNCSA31ExAJjVPAvJOzQkgk5onAXmKmgnIpOYEkE/UnAByS80nK1W1tVJVWytVtbVSVVuv/AE1T1LzCZBbQP42IJOaCcikZgJyQs1TgNwCMql5B2QCMqmZ1JwAcmOlqrZWqmprpaq2VqpqC3/kAJATaiYgJ9RMQN6peRKQp6g5AWRSMwGZ1JwA8k7NCSCTmgnIpGYC8omaCcgtNU9ZqaqtlaraWqmqrZWq2nrlL1BzAsik5h2QE2omIH8bkBNATgA5oeYdkEnNCSCTmgnIpOYTIJOaCcik5ptWqmprpaq2Vqpqa6Wqtl55GJBJzQk1E5B3aiYgJ9R8E5Bbak4AuaHmlpoJyKTmBJBPgNwCckLNJytVtbVSVVsrVbX1yh9QMwGZgNxS8w7ICSAn1ExAJjWfqDkBZAJyS80E5BM1k5oJyC0gv4GaGytVtbVSVVsrVbW1UlVbrxxS8yQ1J4B8ouY3AHJCzQkgk5oJyKTmHZATQE6omYB8k5oJyKRmAjKp+WSlqrZWqmprpaq2Vqpq65VDQE6oOQFkUjOpeQqQSc0tIJ+oOQFkUnNCzQ0gk5oTQCY1E5BJzQ0gt9TcWKmqrZWq2lqpqq2Vqtp65Q+omYCcUHMCyCdqJiC/AZBJzaRmAnJLzd8GZFIzAXmnZgIyqTkB5ISaT1aqamulqrZWqmprpaq2XvkL1ExATqj5DYBMat4BmdScADKpOQFkAvJOzQTk24B8AuTb1NxYqaqtlaraWqmqrZWq2sIfOQBkUnMCyKRmAvIUNROQE2omIDfUTEAmNU8C8hQ1J4D8k6j5ZKWqtlaqamulqrZWqmoLf+QfDsgJNROQE2omIO/UTEAmNROQE2omIJOad0BOqJmA3FJzA8iT1NxYqaqtlaraWqmqrZWq2sIfOQDkN1BzC8jfpuYEkEnNBOSGmgnIpOYWkEnNBOSdmgnIt6n5ZKWqtlaqamulqrZe+QNqvg3IJ0AmNSfUnAAyqfkEyKRmUjMBOaFmAnIDyKTmSWqeomYCMqm5sVJVWytVtbVSVVsrVbX1ysOA3FLzTWpOADkB5J2aSc0JIJOaE0CeomYCcgvINwH5ppWq2lqpqq2VqtpaqaqtV/5HATmhZlJzAsg7ICfUTGomICfUTEDeAfk2NROQT9RMQCY1E5BvWqmqrZWq2lqpqq2Vqtp65V8OyFPU3ALyTWomICfUnAAyqbmh5paaCcik5pOVqtpaqaqtlaraWqmqrVcepuZvUzMBOaHmFpBPgExqJjUngExAJjW/FZAbaiY137RSVVsrVbW1UlVbK1W19cofAPIbAJnUnAAyqXmKmgnIpOaEmhNA3qmZ1ExAJjUTkEnNCTXvgJwA8retVNXWSlVtrVTV1kpVbeGPVNV/tFJVWytVtbVSVVsrVbW1UlVbK1W1tVJVWytVtfV/eLHbvw3NdJIAAAAASUVORK5CYII=",0,,,t,1,2025-06-16 18:59:17.283363,
7,feedback,4,http://localhost:3000/training/feedback?session=4&qr=1750075157338-cqn5of6c2,"data:image/png;base64,iVBORw0KGgoAAAANSUhEUgAAAMgAAADICAYAAACtWK6eAAAAAklEQVR4AewaftIAAAfXSURBVO3BUY5juZYEwXBC+9+yT34KB48Qwb6qzuoJM/yRqvqfVqpqa6WqtlaqamulqrZWqmprpaq2Vqpqa6WqtlaqauuVQ0B+AzUTkEnNLSA31ExAJjUngJxQMwF5ipoJyKTmBJDfQM0nK1W1tVJVWytVtbVSVVuv/ANqvg3IJ2qepOa3UnNCzTsgk5oJyAk1T1HzbUBurFTV1kpVba1U1dZKVW298jAgt9R8E5BvUjOpmYCcUHMCyKTmEyCTmhNATqi5AeSWmqesVNXWSlVtrVTV1kpVbb3yHwBkUvMkNROQd0AmNZOaCcgtNTfUTEAmNSfU/NesVNXWSlVtrVTV1kpVbb3y/4iaE0BuqDkB5ElAJjU31NwCMqn5m61U1dZKVW2tVNXWSlVtvfIwNb8VkBNqJiCTmndAbqmZgExqJjUTkHdqJiCTmgnIpGYC8hQ1v8FKVW2tVNXWSlVtrVTV1iv/AJC/nZoJyKRmAvJOzQRkUjMBmdRMQCY1fzMgv9VKVW2tVNXWSlVtvXJIzd8EyC01E5BJzTsgk5oTap6k5hM1/wY1f4uVqtpaqaqtlaraWqmqLfyRA0AmNbeATGomIH+amhNA3qmZgExqTgA5oea3AvJNak4AmdR8slJVWytVtbVSVVsrVbWFP3IAyJPUTEAmNTeATGomICfUfBOQE2omIJ+oeRKQW2o+ATKpmYCcUHNjpaq2Vqpqa6WqtlaqauuVh6k5AWRSMwF5p+aEmicBmdS8AzKpmYD8VkAmNZOaW0A+UXNLzVNWqmprpaq2Vqpqa6WqtvBHLgGZ1JwAckLNJ0CepGYC8k1qJiC31LwDMqm5BeSEmgnIOzW3gJxQc2OlqrZWqmprpaq2VqpqC3/kEpATaiYgk5oJyCdqTgB5kpobQCY1J4A8Rc0JIJOaCchT1JwAckvNJytVtbVSVVsrVbW1UlVb+CMPAvIkNe+AnFDzJCBPUTMBmdScADKpeQdkUjMBmdRMQE6ouQHkhJpvWqmqrZWq2lqpqq2VqtrCH/klgHyiZgIyqbkFZFLzCZBJzQRkUnMLyA01E5BbaiYgk5obQE6oecpKVW2tVNXWSlVtvXIIyKRmAjKpmYBMav5maiYgJ4DcUjMB+QTIpObbgNxQMwE5AWRS88lKVW2tVNXWSlVtrVTV1isPU3NCzQkgn6iZgHwbkHdqJjUngJxQc0PNCSC31ExqJiDv1JwA8qetVNXWSlVtrVTV1kpVbeGPHAAyqZmA3FLzCZATak4AeYqaCcik5gSQ30DNLSCTmk+APEnNjZWq2lqpqq2VqtpaqaqtVw6pOaHmFpAbaiYgJ9T8VmomIJOaG0BuAZnUfJOaP22lqrZWqmprpaq2Vqpq65VDQE6omYBMaiY1nwD5NwCZ1HyiZgIyqTmhZgLyFDUTkEnNCTUTkE/UnAByQs2NlaraWqmqrZWq2lqpqq1XDqk5AWRScwLIU9RMQCYgTwHyJCBPUfMkIJOaCcifpuYpK1W1tVJVWytVtbVSVVv4I5eATGomILfUvAMyqbkFZFJzA8iT1JwAMql5B2RSMwGZ1ExATqi5AWRScwLIpObGSlVtrVTV1kpVba1U1Rb+yAEgk5oJyKRmAjKpmYD8zdScADKpmYB8k5oTQE6omYB8k5qnrFTV1kpVba1U1dYrD1MzATkBZFLzDsik5gSQE2omIJ+ouaVmAnJCzQ0g/wY174B8G5BJzScrVbW1UlVbK1W1tVJVW6/8A0AmNU8C8gmQE2omICfUfALkhJoTaiYgN4DcAnJCzQkgn6iZgPxpK1W1tVJVWytVtbVSVVuv/ANqJiC31DwFyAk1J4B8ouYWkBNqJiCTmndqTgB5EpAbQJ6k5sZKVW2tVNXWSlVtrVTV1iuH1NxSMwE5AeSdmgnIpGYCMqk5oWYC8g7IpGYCMqmZgNwC8k7NBGRScwvICTU3gExqvmmlqrZWqmprpaq2VqpqC3/ky4BMap4C5N+g5h2Q30LNOyAn1JwAMqm5AWRSMwE5oeYpK1W1tVJVWytVtbVSVVv4IweA3FIzAZnUTEBuqJmAPEnNJ0BOqDkB5JvUTEAmNROQv4maT1aqamulqrZWqmprpaq2Xjmk5klqTqj5BMgJNSeATGomIJ+oOQFkUnNLzTsgt9TcUnMDyKRmAnJCzY2VqtpaqaqtlaraWqmqrVcOAfkN1HybmhNq3gE5AWRS86ep+TcAeafmBJBJzTetVNXWSlVtrVTV1iv/gJpvA/KJmgnIn6ZmAnICyC01E5AbQCY1T1LzFCCTmqesVNXWSlVtrVTV1kpVbb3yMCC31NwAMqmZgJxQMwH5BMik5gSQb1IzAZnUTEAmNSeAPEXNBGQCckLNJytVtbVSVVsrVbW1UlVbr/wHqHkSkEnNBOSdmgnIpGZSMwE5AWRScwPIpOaEmgnIDTUTkFtqbqxU1dZKVW2tVNXWSlVtvfIfBeSEmhNA/jQ1f5qaP03NCTUTkG9aqaqtlaraWqmqrZWq2nrlYWp+KzW31ExAPlEzATmh5gSQv4mad0B+q5Wq2lqpqq2VqtpaqaqtV/4BIL8BkBNAbqn5BMik5oSaE0BuqLkFZFJzQs0E5J2aE0BuAZnUfLJSVVsrVbW1UlVbK1W1hT9SVf/TSlVtrVTV1kpVba1U1dZKVW2tVNXWSlVtrVTV1v8B46bXV/MUB50AAAAASUVORK5CYII=",0,,,t,1,2025-06-16 18:59:17.338453,
2,registration,4,http://localhost:3000/training/register?session=4&qr=1750061368983-i7zft524w,"data:image/png;base64,iVBORw0KGgoAAAANSUhEUgAAAMgAAADICAYAAACtWK6eAAAAAklEQVR4AewaftIAAAg4SURBVO3BUY7cQJYEwfBE3f/KvvokHibBBMXq6dWEGf6RqvqPVqpqa6WqtlaqamulqrZWqmprpaq2Vqpqa6WqtlaqauuTQ0B+AzUngExqJiCTmgnIpOYKyKTmTUAmNd8EZFIzAZnUTEB+AzV3Vqpqa6WqtlaqamulqrY++Qtqvg3IHSAngJwAcgLIlZqngDwFZFJzB8ib1Dyh5tuAPLFSVVsrVbW1UlVbK1W19cnLgDyl5gk1E5BJzZuA3AEyqZnUnAAyqXmLmgnICSCTmieAPKXmLStVtbVSVVsrVbW1UlVbn/yPA/IbADmh5gSQKzWTmhNq/letVNXWSlVtrVTV1kpVbX3yDwAyqXlKzQkgV0AmNROQnwZkUjMBmdRMQCY1/5qVqtpaqaqtlaraWqmqrU9epuanqZmATGqeAvIWNROQE0BOqLkCckLNBOQEkEnNE2p+g5Wq2lqpqq2VqtpaqaqtT/4CkN8AyKRmAjKpmYBMaiYgV2omIJOaE2omIJOaCciVmgnIpOaEmgnIE0B+q5Wq2lqpqq2VqtrCP/IPAnJCzQRkUvMEkEnNCSAn1LwFyKTmf9VKVW2tVNXWSlVtrVTVFv6RA0AmNROQSc0EZFIzAblS8xSQE2omIHfUfBuQSc03AZnUTEAmNU8AmdScADKpeWKlqrZWqmprpaq2Vqpq65O/AGRS8yY1d4C8CcgJNVdAJjVPAXkKyB01J9RMQCY1J4BcqZnUTEBOqJmATGrurFTV1kpVba1U1dZKVW198hfUTEBOqJmA3FFzQs0E5ISaCcgdNU8B+Q2AvAnIpOYKyJuAvGWlqrZWqmprpaq2Vqpq65OXqXmTmm9SMwGZ1ExA7qiZgJxQMwGZgHyTmgnICTUTkDtqngIyqXlipaq2Vqpqa6WqtlaqauuTQ2qeAnJCzQTkSs0JIJOaCcik5oSaO0BOqJmAPKXmCshTQCY1J4DcUfNtQCY1d1aqamulqrZWqmprpaq2PjkEZFLzbWruqJmATEB+KyCTmgnIE2omIJOaCcgJIP+alaraWqmqrZWq2lqpqq1PDqmZgExqJjUTkBNA7qg5oeYEkEnNE2pOAHlKzW+g5gSQO0AmNROQb1qpqq2VqtpaqaqtTw4BmdRMQN6k5grIBGRSMwE5oWYCMql5AshTap4A8pSaE0B+mpoTQJ5YqaqtlaraWqmqrZWq2vrkLwA5oeYEkCfUTEBOqHkKyJWaCcikZgLyTWomIE8BOaFmAnIFZFIzAZnUfNNKVW2tVNXWSlVtrVTVFv6Rh4BMaiYgk5oJyKTmCsgJNROQp9TcAfJtat4C5E1qTgC5UvMUkEnNBGRSc2elqrZWqmprpaq2Vqpq65O/oOaEmgnICSDfpOYpIN+k5gSQSc0VkEnNBOSEmp8GZFIzAXnLSlVtrVTV1kpVba1U1dYnh4CcUHNCzQRkUnMFZFJzQs0EZFIzAZnU3AHyFJBJzVuAvAnIpOYtap5S88RKVW2tVNXWSlVtrVTVFv6Rh4A8peYEkCs1J4BMak4AmdTcATKpmYBMap4CMqm5AjKpmYD8NDW/1UpVba1U1dZKVW2tVNXWJ4eAvAnIpGZScwXkTUCeAnKlZgIyqZmATGomIJOaO2omIE+pmYB8E5BJzQkgk5o7K1W1tVJVWytVtbVSVVuf/AU1TwE5AeSOmgnIBORNau6omYBMak6oOQHkSs2k5gSQN6m5AjKpmdRMQL5ppaq2Vqpqa6Wqtj45pGYCckLNU2ruAJnUTEB+GpBJzVNAJjWTmjtATqiZgExqnlAzATmh5gSQJ1aqamulqrZWqmprpaq2PvkLak4AmdRMQJ5Q821AnlDzFJC3AJnUTEAmICeATGomIFdqJjUTkJ+2UlVbK1W1tVJVWytVtfXJy4C8Sc0VkAnICTUngJxQcwXkBJBJzZuA3AFyQs2b1FwBmdRMaiYg37RSVVsrVbW1UlVbK1W19ckhIJOaSc0JICeAXKk5AWQC8pSaCciVmhNqfis1E5Cn1ExArtRMQCY1k5oJyFtWqmprpaq2Vqpqa6WqtvCPPARkUnMCyAk1TwCZ1DwF5Ak1E5BJzQkgP03NBOSEmrcAmdR800pVba1U1dZKVW2tVNXWJ4eATGomICfUTEAmIFdqJiBPATmhZgJypeZNQJ5ScwfICSCTmgnIBOSnATmh5s5KVW2tVNXWSlVtrVTVFv6R/+eAnFBzAsik5i1AJjVPAZnUvAXIU2qeAPKUmgnIpObOSlVtrVTV1kpVba1U1dYnh4D8BmomNROQCcikZlIzAbmjZgIyqZmATGpOqJmAXKmZgExqvg3IlZoTak4AectKVW2tVNXWSlVtffIX1HwbkCfUfJuaO2omIE8BmdTcATKpOaHmBJATap4AMqmZ1Lxlpaq2Vqpqa6WqtlaqauuTlwF5Ss0TQJ5SMwE5AeRKzQRkUjMBeZOaO0CeUnMCyFvUnAByQs2dlaraWqmqrZWq2lqpqq1P/gFq/hvUXAE5AeQEkEnNCSBXaiY1E5ATQCY1TwB5CsikZgLyxEpVba1U1dZKVW2tVNXWJ/8AICfUPKXmLWqeAnJCzRWQSc2kZgLyTWomIBOQn7ZSVVsrVbW1UlVbK1W19cnL1Pw0NSeATGomNSeAXKmZgExAfgMgJ9ScAHJCzVvUTEAmNU+sVNXWSlVtrVTV1kpVbX3yF4D8BkAmNW8CcgfIpGYCMqmZgLxFzQkgE5BJzQk1E5A7aiYgTwGZ1NxZqaqtlaraWqmqrZWq2sI/UlX/0UpVba1U1dZKVW2tVNXWSlVtrVTV1kpVba1U1db/ASJU4eZcZvHpAAAAAElFTkSuQmCC",0,50,2025-08-01 18:00:00,f,3,2025-06-16 15:09:28.983632,
9,registration,7,http://localhost:3000/training/register?session=7&qr=9,"data:image/png;base64,iVBORw0KGgoAAAANSUhEUgAAAMgAAADICAYAAACtWK6eAAAAAklEQVR4AewaftIAAAcnSURBVO3BUY5jNxAEwUpC979yer4JNsDBk7RruyLwR6rqaKWqRitVNVqpqtFKVY1Wqmq0UlWjlaoarVTVaKWqRitVNXrlF4D8jdT8aUB2am4BeTc1TwHZqbkF5G+k5sZKVY1Wqmq0UlWjlaoarVTV6JU3UPMtQJ4AckvNE0BuqfkWIDs1J2p2QHZqbqn5FiBPrFTVaKWqRitVNVqpqtErHwLkCTVPAdmp2QE5AfKEmltAdmq+BciJmm8B8oSad1upqtFKVY1Wqmq0UlWjlaoavVJR8wlAdmpuAbmlZgfkRM0OyAmQ/7OVqhqtVNVopapGK1U1eqUC5Ck1OzU7ICdqdkBO1OyA7NTcUnMCZKfm/2KlqkYrVTVaqarRSlWNXvkQNf9Fak6APAHkCTVPADlR8y1q/jYrVTVaqarRSlWNVqpqtFJVo1feAMh/kZodkBM1OyA7NSdAdmpOgOzU7ICcqHkCyE7NLSD/FitVNVqpqtFKVY1WqmqEP/IfBeQJNU8AuaXmCSA7NSdA3k3Nf9FKVY1Wqmq0UlWjlaoarVTV6JVfAHKiZgfkW9ScqLkB5ATITs0JkJ2aHZBbQE7U7NTsgJyo2QE5UbMDcgvIt6h5t5WqGq1U1WilqkYrVTV65RfUnAC5pWYH5JaaHZBbam6p2QE5UXNDzQmQJ4Ds1DwFZKfmCTW3gDwB5ETNjZWqGq1U1WilqkYrVTXCH7kE5ETNLSA7NbeA3FKzA7JT8y1Abqk5AbJT8wSQEzU7IDs1TwHZqdkBuaXmiZWqGq1U1WilqkYrVTVaqaoR/sgfBmSn5haQJ9R8ApBbar4FyC01TwDZqTkB8m5qnlipqtFKVY1Wqmq0UlWjV34ByImaHZBPALJTcwLk3YCcqNmp+QQgOzU7ICdqdkBOgOzU3FLzbmpOgLzbSlWNVqpqtFJVo5WqGq1U1Qh/5BKQW2pOgDyhZgfkRM0TQG6p2QF5Qs0JkHdTcwJkp2YH5JaaW0A+Qc2NlaoarVTVaKWqRitVNXrlF9TcAnKiZgfkFpCdmk9QswPyhJqn1NwAcqLmlpq/jZoTIDs1T6xU1WilqkYrVTVaqaoR/sglICdqdkBuqdkBOVHzLUCeUHMLyE7NCZCdmltA3k3NJwC5pebdVqpqtFJVo5WqGq1U1Wilqkb4Iw8B2ak5AbJTswNyS80JkG9RswOyU3MLyImaG0BO1OyAnKjZAbmlZgfklpongJyoubFSVaOVqhqtVNVopapGr/wCkBM1TwDZqbkF5JaaHZATNTsgt9TcAvIEkJ2ap4Ds1NwCckvNDsgtNe+2UlWjlaoarVTVaKWqRitVNXrlL6DmFpCdmltAbgF5NyAnanZAbqn5BDU3gNxScwJkp2YH5ATITs0TK1U1Wqmq0UpVjVaqavTKhwA5UbMDslNzomYH5ETNDTVPAdmp2ak5AXILyE7NLSA7NbeAfAuQW2p2QE7U3FipqtFKVY1Wqmq0UlUj/JGHgPxJak6A7NTsgDyl5gkgOzVPADlR825ATtTsgDyh5ltWqmq0UlWjlaoarVTVaKWqRq/8ApBbav7t1OyAnADZqdkBOVFzC8gTQJ5QcwvITs23ADlRc2OlqkYrVTVaqarRSlWN8EcuATlRswNyomYH5N9CzS0g36LmFpBbam4AeUrNDsgTap5YqarRSlWNVqpqtFJVo5WqGr3yIWpuqXkCyImaHZCdmhMgT6jZATlRcwvIDsgTar5FzSeo2QE5UXNjpapGK1U1Wqmq0UpVjV75ECC31NwCslNzAmSn5gkgt9Q8AeREzQ0gJ2qeAPIEkCfUnADZqXlipapGK1U1Wqmq0UpVjV75BTW31HyCmj9JzQmQHZCdmhMgOzUnQG6ouQXkRM0NNU8B2anZAbkF5ETNjZWqGq1U1WilqkYrVTVaqarRK78A5G+k5kTNuwE5UbMDsgPyCWp2QJ4C8gSQnZpvUfPESlWNVqpqtFJVo5WqGr3yBmq+BcgtIDfUnKjZAbmlZgfkRM0tNTsgOzUnQL5FzZ8E5ETNjZWqGq1U1WilqkYrVTVaqarRKx8C5Ak1n6BmB+REzbupeQrITs0tNU8A2QH5BCA7NSdA3m2lqkYrVTVaqarRSlWNXvmfAbJTc0vNCZCdmh2QW2pO1OyA7NTcAnJLzQ7IiZodkFtqdkC+ZaWqRitVNVqpqtFKVY1e+Z9R8wSQW0B2ap4CslOzA3KiZqfmFpCdmhMgt9TsgOzUfMtKVY1Wqmq0UlWjlaoarVTVCH/kEpATNd8CZKfmFpCdmhMgOzUnQG6oOQGyU3MLyBNqvgXIJ6h5t5WqGq1U1WilqkYrVTXCH7kE5G+k5gTIt6h5NyAnam4AOVFzC8jfRs0JkJ2aJ1aqarRSVaOVqhqtVNVopapG+CNVdbRSVaOVqhqtVNVopapGK1U1Wqmq0UpVjVaqarRSVaN/AOIFPYxD/NU7AAAAAElFTkSuQmCC",0,,,t,23,2025-06-17 05:05:33.136327,
10,attendance,7,http://localhost:3000/training/attendance?session=7&qr=10,"data:image/png;base64,iVBORw0KGgoAAAANSUhEUgAAAMgAAADICAYAAACtWK6eAAAAAklEQVR4AewaftIAAAcJSURBVO3BUY5bORAEwUpC979yrr8JNsDBk+QxtiLwj1TV0UpVjVaqarRSVaOVqhqtVNVopapGK1U1Wqmq0UpVjVaqavTKDwD5jdTcAnJLzbcA2ak5AXJDzQmQnZoTIDs1t4D8RmpurFTVaKWqRitVNVqpqtFKVY1eeQM13wLkCTU7ILeAnKi5AeREzRNqbqm5pWYHZKfmlppvAfLESlWNVqpqtFJVo5WqGr3yIUCeUPMUkCeAPAFkp+YEyE7NiZongNxS8y1AnlDzbitVNVqpqtFKVY1Wqmq0UlWjVypqPkHNLTU7ICdqbgA5UbMDcgJkp+b/YqWqRitVNVqpqtFKVY1eqY8B8i1A6v1Wqmq0UlWjlaoarVTV6JUPUfN/AuSGmltAbqn5BDXfoua3Wamq0UpVjVaqarRSVaOVqhq98gZA/hVqdkBO1OyAnKjZAbkFZKfmBMhOzQ7IiZongOzU3ALyr1ipqtFKVY1Wqmq0UlWjV35Azf8JkN9IzQ7ILSBPqLml5l+2UlWjlaoarVTVaKWqRitVNcI/cgnIiZodkG9RcwvIt6h5AsiJmhtATtTsgJyo2QHZqTkB8i1q3m2lqkYrVTVaqarRSlWNXvkBNU+p+ZvUPAHkE4Ds1NwCslNzAuQWkJ2aJ9TcAnILyC01N1aqarRSVaOVqhqtVNUI/8hDQHZqToDs1OyA3FLzBJATNbeA/E1qvgXIE2pOgOzU7IDcUvPESlWNVqpqtFJVo5WqGq1U1eiVHwByouaWmhtqbgG5pWan5hPU7ICcqLkF5Akgt9Ts1NwC8gSQW2rebaWqRitVNVqpqtFKVY3wjzwEZKfmBMi3qHkCyE7NLSA7NSdAnlDzBJBPULMD8oSaEyA7NU+sVNVopapGK1U1Wqmq0UpVjV75ASCfoOYJICdAdmp2QE7U7IDcUrMDcqLmCSA7NSdAdmpOgOzU3AKyU3MLyA7ILSAnam6sVNVopapGK1U1WqmqEf6Rh4Ds1JwA+W3UPAVkp2YH5JaaJ4CcqHk3ILfUPAHklponVqpqtFJVo5WqGq1U1Qj/yCUgf5uaHZATNTsgOzWfAOSWmltAfhs1t4CcqNkBuaXm3VaqarRSVaOVqhqtVNVopapGr7yBmltAngCyU3MCZKdmB+SWmhMg7wbkRM0NICdqdkBO1OyA7ICcqLkFZKfmCSAnam6sVNVopapGK1U1Wqmq0StvAORb1OyAnKh5NyAnap4A8gSQnZqngOzU3AJyS80OyN+0UlWjlaoarVTVaKWqRitVNXrlDdS8G5ATIO+m5haQJ4CcqHlCzS0gOzWfoOYWkJ2aHZBbap5YqarRSlWNVqpqtFJVo1feAMhOzQmQnZqdmltAbgH5FiA7NSdAdmq+BciJmh2QJ9TcAvI3rVTVaKWqRitVNVqpqtErP6DmFpBPAHILyE7NLSA7NSdAnlCzA3JLzQ7IiZodkFtqdkBO1OyAPKHmW1aqarRSVaOVqhqtVNVopapGr/wAkBM17wbkRM0OyImaHZCdmltAngByS80tIDs1J0B2ak6A7NTs1JwA2am5BWQH5ETNDsiJmhsrVTVaqarRSlWNVqpq9MqXqdkB2ak5AXILyE7NLTW3gOzUPAHklpodkFtATtTcAHILyImaJ4Ds1DyxUlWjlaoarVTVaKWqRitVNXrlQ9Q8AeREzQ7IiZodkE9QswOyU3MCZKfmBMi7qTkBslPzhJp/xUpVjVaqarRSVaOVqhq98iFATtTs1OyAnADZqTkB8q9QswNyomYH5JaaJ4A8AeSWmieAnKi5sVJVo5WqGq1U1Wilqkav/ICaW2qeUPMtak6A7NTcUnMLyE7NCZAbam4BOVGzA7JT8xSQG0BO1LzbSlWNVqpqtFJVo5WqGq1U1eiVHwDyG6k5UfOEmh2Q30jNDsiJmltAngCyU/MJQHZqnlipqtFKVY1Wqmq0UlWjV95AzbcAuQXkhpoTIDs1J0CeUHNLzQ7ITs0JkG9R8zcBOVFzY6WqRitVNVqpqtFKVY1Wqmr0yocAeULNtwA5UXNLzQ7ITs0tILfU7ICcqNkBOVGzA7ID8glAdmpOgLzbSlWNVqpqtFJVo5WqGr1SUfMJanZATtTs1NwCslNzS80JkJ2aHZATNTsg/4qVqhqtVNVopapGK1U1euV/Rs0OyIma3wjITs0nqNkB2ak5AXJLzRNq3m2lqkYrVTVaqarRSlWNVqpq9MqHqPnb1NxQcwJkp+YEyLeo2QF5Qs0JkJ2aHZATNTsgJ0CeUPNuK1U1Wqmq0UpVjVaqavTKGwD5jYDs1NxSswPyLUBO1Dyh5paaHZBvUXMLyE7NEytVNVqpqtFKVY1Wqmq0UlUj/CNVdbRSVaOVqhqtVNVopapGK1U1Wqmq0UpVjVaqarRSVaP/AM/OFLInjWpgAAAAAElFTkSuQmCC",0,,,t,23,2025-06-17 05:05:33.222001,
11,feedback,7,http://localhost:3000/training/public-feedback?session=7&qr=11,"data:image/png;base64,iVBORw0KGgoAAAANSUhEUgAAAMgAAADICAYAAACtWK6eAAAAAklEQVR4AewaftIAAAb4SURBVO3BUW5jOxYEwUpC+99yjr8JHoDGlWX3vIrAL6mqo5WqGq1U1WilqkYrVTVaqarRSlWNVqpqtFJVo5WqGq1U1eiVbwDyF6m5BWSn5rcBeTc1J0B2ak6A7NTcAvIXqbmxUlWjlaoarVTVaKWqRitVNXrlDdR8CpAn1OyAPKXmBpATNTsgJ2qeUHNLzQ7ITs0tNZ8C5ImVqhqtVNVopapGK1U1euWHAHlCzVNAdmp2ak6APAFkp+YEyE7NTwByS82nAHlCzbutVNVopapGK1U1Wqmq0UpVjV75jwGyU3OiZgfkBMhOzRNATtQ8oWYH5ATIf9lKVY1Wqmq0UlWjlaoavfIfo2YH5ETNLTU7IDs1J2p2QE6APKFmp+YEyE7Nf8VKVY1Wqmq0UlWjlaoavfJD1PxFQHZqbqk5AXIDyFNqbgC5BeREzaeo+WtWqmq0UlWjlaoarVTVaKWqRq+8AZB/hZodkBM1OyAnanZAdmpOgOzUnADZqfkUIDs1t4D8K1aqarRSVaOVqhqtVNXolW9Q868DcgvIuwF5Ss0NNSdAPkXNv2ylqkYrVTVaqarRSlWNVqpq9Mo3ADlRswPyKWpO1OyA3FJzC8hOzRNATtTsgNxSswPyE4B8ipp3W6mq0UpVjVaqarRSVaNXvkHNCZCdmltAbql5Qs0tILfUPAHk3dQ8BWSn5gk1t4A8AeREzY2VqhqtVNVopapGK1U1wi+5BOREzQ7ILTU7IE+p2QF5Qs0TQJ5S85uA3FJzC8hOzQ7ILTVPrFTVaKWqRitVNVqpqtFKVY1e+QOA3FJzC8gNNSdAdkBO1OyA3FJzC8hOzS0gt9Ts1NwCslNzC8hvWqmq0UpVjVaqarRSVaNXvkHNU2p2QHZqToDcUnMDyImaHZBbam4B+RQ1t4A8oWYH5Ak1J0DebaWqRitVNVqpqtFKVY1WqmqEX/JBQHZqdkBO1NwCslNzC8gtNb8JyKeouQVkp+YJIE+pubFSVaOVqhqtVNVopapG+CWXgNxScwvIE2pOgOzU7ID8BDU7ICdq3g3IiZongDyh5icA2al5YqWqRitVNVqpqtFKVY3wS/5PAfkUNTsgOzVPAbmh5gTIu6l5CsgTat5tpapGK1U1Wqmq0UpVjVaqaoRf8gOAnKi5AeSWmt8G5Ak1OyAnam4AOVGzA3KiZgfklpodkFtqngByoubGSlWNVqpqtFJVo5WqGr3yBkBuAdmpuaXmCSC31LybmhMgTwDZqXkKyE7NLSC31OyA/KaVqhqtVNVopapGK1U1Wqmq0SvfAOQpNTsgOzUnQHZqToDs1OyA3AJyomYHZAfkRM0Tan6CmhtATtTcArJTswNyS80TK1U1Wqmq0UpVjVaqavTKG6h5Qs0OyImaf5maEyA7NT8ByBNAPgXILTXvtlJVo5WqGq1U1Wilqkav/AFAbgG5pebd1HwKkFtqdkBO1OyAfAqQJ9R8ykpVjVaqarRSVaOVqhqtVNUIv+QSkFtqPgXILTU7ILfUnADZqbkFZKfmFpBPUXMLyC01OyA7NbeAnKi5sVJVo5WqGq1U1WilqkavvIGaW0DeTc1PULMDcqLmBpBbQG6p2QF5Ss0OyBNqToDs1OyA3FLzxEpVjVaqarRSVaOVqhqtVNXolR8C5ETNDSAnam4BuaHmBMgtIDs1t9TcArIDslNzAmSn5paaHZBbQE7U7IDcUrMDcqLmxkpVjVaqarRSVaOVqhq98mFAngCyU3OiZgfklpodkE8BcqLmBpATNU8A+QlAdmpuAXm3laoarVTVaKWqRitVNXrlG9TcUvPbgOzU3ALyBJCdmhMgOzUnQG6oOQFyS80NNU8BuQHkU1aqarRSVaOVqhqtVNVopapGr3wDkL9IzYmaG0BO1LwbkFtATtTcAHKi5haQJ4Ds1HyKmidWqmq0UlWjlaoarVTV6JU3UPMpQG4B2anZqbkF5ETNE2qeALJTcwLkU9T8JiAnam6sVNVopapGK1U1Wqmq0UpVjV75IUCeUPPbgOzUnAC5oeYEyBNqdkBO1OyAnKjZAdkB+QlAdmpOgLzbSlWNVqpqtFJVo5WqGr1S3wLkRM0OyBNqToDsgDyh5gTITs0OyImaHZBban7TSlWNVqpqtFJVo5WqGr1SP0bNDsiJmifU7IA8pWYHZKfmBMgtNTsgt9S820pVjVaqarRSVaOVqhqtVNXolR+i5repuQHkRM27qTkBslNzouYJIDs1t9TsgJyo2QE5AfLXrFTVaKWqRitVNVqpqtErbwDkLwKyU/MEkJ+gZgfkRM0Tam4B+U1qbgHZqXlipapGK1U1Wqmq0UpVjVaqaoRfUlVHK1U1Wqmq0UpVjVaqarRSVaOVqhqtVNVopapGK1U1+h86RAC6Qt29vAAAAABJRU5ErkJggg==",0,,,t,23,2025-06-17 05:05:33.277698,
12,registration,13,http://localhost:3000/training/register?session=13&qr=12,"data:image/png;base64,iVBORw0KGgoAAAANSUhEUgAAAMgAAADICAYAAACtWK6eAAAAAklEQVR4AewaftIAAAb3SURBVO3BQa4bORQEwUpC979yjtcEH0CjJfl7XBH4S6rqaKWqRitVNVqpqtFKVY1Wqmq0UlWjlaoarVTVaKWqRitVNXrlNwD5idTcArJTcwJkp+YEyE7NLSA7NSdAbqh5CshOzS0gP5GaGytVNVqpqtFKVY1Wqmq0UlWjV95AzbcAeULNDsiJmh2QW0BuqdkBuaXmFpCdmhM1OyA7NbfUfAuQJ1aqarRSVaOVqhqtVNXolQ8B8oSap4DcUHMC5Ak1t4Ds1JwAeTcgJ2q+BcgTat5tpapGK1U1Wqmq0UpVjVaqavTKP0bNLTU7ICdqdkB2am4BeQLIiZodkBMg/7KVqhqtVNVopapGK1U1eqUC5ETNTs0tNTsgJ2p2QE7U7IA8oeYEyE7Nv2KlqkYrVTVaqarRSlWNXvkQNX87IN8C5Ak1OyC3gJyo+RY1P81KVY1Wqmq0UlWjlaoarVTV6JU3APJ/pGYH5ETNDshOzQmQnZoTIDs13wJkp+YWkL/FSlWNVqpqtFJVo5WqGuEv+Z8CslOzA3JLzS0gt9R8C5B3U/N/tFJVo5WqGq1U1WilqkYrVTV65TcAOVGzA/Itak7U3FBzC8gtNTsgt4CcqLkB5ETNDsiJmh2QW0C+Rc27rVTVaKWqRitVNVqpqtErH6LmCSAnam4B2am5BeSWmhtqToA8AWSn5ikgOzVPqLkF5AkgJ2purFTVaKWqRitVNVqpqhH+koeA/CvUPAHklppvAXKiZgdkp+YpIDs1OyC31DyxUlWjlaoarVTVaKWqRitVNXrlNwA5UXMLyA01t4CcqLkB5ETNDsiJmh2QW2q+BcgTam4B2am5BeRPWqmq0UpVjVaqarRSVaNXvkzNDsgtIDs1J0BuqDkBslNzS80TQG6p2QE5UbMDcgJkp+aWmndTcwLk3VaqarRSVaOVqhqtVNVopapG+EsuAfkWNU8BeULNE0CeUHMLyBNqToDs1OyA3FJzC8gnqLmxUlWjlaoarVTVaKWqRq98iJongNxS8y1ATtTcUPMJaj5BzU+j5gTITs0TK1U1Wqmq0UpVjVaqavTKb1BzC8gtNTs1t4CcqNkB2ak5AbJT8wlAdmpOgPw0ar4FyImad1upqtFKVY1Wqmq0UlWjlaoa4S95CMgtNU8A+RY1t4Ds1DwB5ETNDSAnanZATtTsgNxSswNyS80TQE7U3FipqtFKVY1Wqmq0UlWjV/4yat4NyC0gt4Ds1JwA2am5BWSn5ikgOzW3gNxSswNyS827rVTVaKWqRitVNVqpqtFKVY1e+TIgOzU7ILfUnADZqbkFZKfmCSAnam4B2an5BDU3gNxScwJkp2YH5ATITs0TK1U1Wqmq0UpVjVaqavTKbwByomYH5ETNDsgtNU8AuaVmB+REzQ7ITs0JkJ2aEzVPANmpuQXkW4DcUrMDcqLmxkpVjVaqarRSVaOVqhrhL7kE5JaaEyA/jZoTIDs1t4Ds1JwAeULNnwTkRM0OyBNqvmWlqkYrVTVaqarRSlWNVqpq9MqHAHlCzS0gJ2p2QD4ByE7NDsiJmieA7NScAHlCzS0gOzXfAuREzY2VqhqtVNVopapGK1U1euUN1DwBZAfkKSA7NTsgfxqQJ9TsgDyl5t2AnKjZAXlCzRMrVTVaqarRSlWNVqpqtFJVo1c+BMiJmp2aHZATNU8AuaXmCSC31NwCsgOyU3MCZKfmW9R8gpp3W6mq0UpVjVaqarRSVaNXvgzIE0B2am6p2QF5Ss0OyBNATtTcAHKi5gkgTwB5Qs0tICdqbqxU1WilqkYrVTVaqarRK79BzS01fxqQJ4C8m5oTIDs1J0BuqLkF5ETNDTVPAdmp2QH5lpWqGq1U1WilqkYrVTVaqarRK78ByE+k5kTNDshOzQmQnZongNwCckvNDshTQJ4AslPzLWqeWKmq0UpVjVaqarRSVaNX3kDNtwC5BWSnZgfkT1NzC8gOyE7NCZBvUfMnATlRc2OlqkYrVTVaqarRSlWNVqpq9MqHAHlCzd8EyE7NTs0nqNkBOVHzBJAdkE8AslNzAuTdVqpqtFJVo5WqGq1U1eiVippbQG4BeULNLSA7NbeA3FKzA3KiZgfklpodkG9ZqarRSlWNVqpqtFJVo1f+MUB2ap5SswOyU/MJanZATtTs1NwCslNzAuSWmh2QnZpvWamq0UpVjVaqarRSVaOVqhrhL7kE5ETNtwDZqbkF5JaaHZBbam4B2an5BCA7Nd8C5BPUvNtKVY1Wqmq0UlWjlaoavfIGQH4iIDs1t4DcUvOEmh2QEzU3gJyouQXkp1FzAmSn5omVqhqtVNVopapGK1U1WqmqEf6SqjpaqarRSlWNVqpqtFJVo5WqGq1U1WilqkYrVTVaqarRf//sAMCibOUHAAAAAElFTkSuQmCC",0,,,t,23,2025-06-17 05:11:47.49091,
13,attendance,13,http://localhost:3000/training/attendance?session=13&qr=13,"data:image/png;base64,iVBORw0KGgoAAAANSUhEUgAAAMgAAADICAYAAACtWK6eAAAAAklEQVR4AewaftIAAAcDSURBVO3BUY5bOxYEwUpC+99yTn8TPACNK6nteRWBP1JVRytVNVqpqtFKVY1Wqmq0UlWjlaoarVTVaKWqRitVNVqpqtErfwDI30jNtwC5peYWkJ2aEyA31JwA2ak5AbJTcwvI30jNjZWqGq1U1WilqkYrVTVaqarRK2+g5luAvBuQEzVPALmlZgfkRM0Tam6p2QHZqbml5luAPLFSVaOVqhqtVNVopapGr3wIkCfUPAXkhpoTIE+ouQVkp+YEyE7NLSC31HwLkCfUvNtKVY1Wqmq0UlWjlaoarVTV6JUKkBM1TwDZqbkF5ETNE2p2QE6A7NT8V6xU1WilqkYrVTVaqarRK/UxanZATtTsgNwCslNTz6xU1WilqkYrVTVaqarRKx+i5m+k5hOAPAHkCTU7ICdqbqn5FjV/m5WqGq1U1WilqkYrVTVaqarRK28A5F8G5ETNDsiJmh2QnZoTIDs1J0B2ar4FyE7NLSD/ipWqGq1U1WilqkYrVTV65Q+o+X+k5gTIuwE5UXNLzQ7ITs0JkCfU3FLzL1upqtFKVY1Wqmq0UlWjlaoavfIHgJyo2QH5FjUnar4FyE7NDsgtICdqdmp2QE7U7IDcArJTcwLkW9S820pVjVaqarRSVaOVqhq98iFqToDs1DwB5ETNDsgTap5QcwJkp+YWkJ2aEyC3gOzUPKHmFpBbQG6pubFSVaOVqhqtVNVopapGr3wIkBM1OyCfAGSnZgfkFpATNTeAPAVkp+aWmieAfAKQnZodkFtqnlipqtFKVY1Wqmq0UlWjlaoavfIhak6A7NT8JjW3gNwCckvNLTVPALmlZqfmFpAngNxS824rVTVaqarRSlWNVqpq9MofUHMC5JaaG0CeUrMDckvNE2qeAHKi5gaQEzU7ICdAnlCzA/KEmhMgOzVPrFTVaKWqRitVNVqpqtFKVY3wRy4B+W1qbgHZqdkBOVGzA/Itam4B2ak5AbJTcwJkp+YWkJ2aW0A+Qc2NlaoarVTVaKWqRitVNcIf+QAgJ2p2QHZqToDcUrMD8glq/jZATtS8G5Bbap4AckvNEytVNVqpqtFKVY1WqmqEP3IJyC01J0B2ap4AckvNDsgtNZ8AZKfmBMhOzS0g76bmFpATNTsgt9S820pVjVaqarRSVaOVqhqtVNUIf+QDgDyh5gTITs0JkHdTcwvITs0tICdqbgA5UbMDcqJmB+SWmh2QW2qeAHKi5sZKVY1Wqmq0UlWjlaoavfIGQHZqToDs1OyAnKh5Qs23qLkFZKfmFpCdmqeA7NTcAnJLzQ7Ib1qpqtFKVY1Wqmq0UlWjlaoa4Y98AJBvUfMJQL5FzQ7ILTW3gOzU/DYgOzU7ILfUPLFSVaOVqhqtVNVopapGr/wBILfUnAC5oeYWkBM1N4DcUnMC5IaaEyA7NSdA3g3IiZodkCfU3ALym1aqarRSVaOVqhqtVNXolT+g5haQEzU3gNxS869TswPyBJATNTsgt9TsgJyo2QF5Qs23rFTVaKWqRitVNVqpqtFKVY3wRy4BOVFzC8hOzScA2anZAfltap4AslNzAmSn5gTITs0tIDs1t4DcUrMDcqLmxkpVjVaqarRSVaOVqhq98mVqdkD+RmpuAdmp2QE5AfKEmh2QW0BO1NwAcgvIiZongOzUPLFSVaOVqhqtVNVopapGK1U1euVDgHyCmieA3AKyU/OEmqeAvJuaEyA7NU+o+QQ1OyAnam6sVNVopapGK1U1Wqmq0SsfouYJICdA3k3NLSC3gNxSswNyomYH5JaaJ4A8AeSWmt+0UlWjlaoarVTVaKWqRvgj/6eAPKHmFpAbak6AvJuaW0BO1OyA7NQ8BWSnZgfkRM0OyImaGytVNVqpqtFKVY1Wqmq0UlWjV/4AkL+RmhM1OyC3gOzUnKjZAdkBuaXmCSAnam4BeQLITs0nANmpeWKlqkYrVTVaqarRSlWNXnkDNd8C5BaQJ9Q8oWYH5ETNE0B2ak6AfIua3wTkRM2NlaoarVTVaKWqRitVNVqpqtErHwLkCTWfoOYWkHdTcwLkCTU7ICdqdkBO1OyA7IB8ApCdmhMg77ZSVaOVqhqtVNVopapGr/zHAPkENTsgt9Q8AWSn5paaEyA7NTsgJ2p2QP4VK1U1Wqmq0UpVjVaqavTKf4yaHZATNbeA3AByS80JkJ2aT1CzA7JTcwLklpon1LzbSlWNVqpqtFJVo5WqGq1U1eiVD1Hz29T8K9TcUrMD8oSaEyA7NTsgJ2p2QE6APKHm3VaqarRSVaOVqhqtVNXolTcA8jcC8gSQnZoTNTeA3AJyouYJNbfU7IB8i5pbQHZqnlipqtFKVY1Wqmq0UlWjlaoa4Y9U1dFKVY1Wqmq0UlWjlaoarVTVaKWqRitVNVqpqtFKVY3+B1PEEK3WHyVOAAAAAElFTkSuQmCC",0,,,t,23,2025-06-17 05:11:47.579621,
14,feedback,13,http://localhost:3000/training/public-feedback?session=13&qr=14,"data:image/png;base64,iVBORw0KGgoAAAANSUhEUgAAAMgAAADICAYAAACtWK6eAAAAAklEQVR4AewaftIAAAgXSURBVO3BUY4jRxYEwfAE739l3/4kHpSoRE2xRc2GGf5IVf2jlaraWqmqrZWq2lqpqq2VqtpaqaqtlaraWqmqrZWq2nrlEJBvoOZJQCY1E5BJzVOATGomIHeomYBMaiYgk5oJyKRmAvIN1FxZqaqtlaraWqmqrZWq2nrlD6j5NCCfpGYCcgLIFTUTkBNAJjUTkEnNFTV3AZnU3KHm04DcsVJVWytVtbVSVVsrVbX1ysOA3KXmDiCTmhNATqh5ipoJyAkgJ4C8UzMBmdRMak4AmdTcAeQuNU9ZqaqtlaraWqmqrZWq2nrlLwVkUjOpmYDcAWRSMwGZ1ExAJjUngNwBZFIzAfl/sFJVWytVtbVSVVsrVbX1yl9KzV1qJiCTmndqTqiZgJwAMqmZ1LwDMqk5AWRSMwH526xU1dZKVW2tVNXWSlVtvfIwNd8AyKTmBJATQK6ouUvNBOQEkHdqJiCTmknNBOST1HyDlaraWqmqrZWq2lqpqq1X/gCQb6VmAjKpOaFmAvJOzQRkUvNfAmRSMwG5A8i3WqmqrZWq2lqpqq1XDqn5LwEyqZmAfJKaE2qepOYdkE9Tc0LNf8VKVW2tVNXWSlVtrVTV1iuHgExqJiCfpGZSMwH5NDXvgExqTgCZ1JwAckXNBGQCcgLIpOYEkE9S85SVqtpaqaqtlaraWqmqLfyRA0DuUjMBmdRcAXJCzQRkUnMCyKTmHZC71HwDICfUPAXIpGYCMqmZgExq7lipqq2Vqtpaqaqtlarawh95EJDfpuYEkBNqJiBX1HwakBNq3gG5S80E5C4174CcUDMBuUvNlZWq2lqpqq2Vqtpaqaot/JEDQCY1TwIyqbkC5C41E5A71ExAJjUTkEnNCSB3qPk0IJOa3wZkUnNlpaq2Vqpqa6WqtlaqauuVPwDkLjWTmgnIOzV3qTmhZgIyqbmiZgIyqTkBZFIzAbkDyKRmAnIXkHdqJiDfYKWqtlaqamulqrZWqmoLf+RfAOSEmitAJjV3AblDzQTk36DmHZBJzQkgk5oJyKTmCpBJzTdYqaqtlaraWqmqrZWq2nrli6iZgNwB5ISaSc0dQO5ScxeQK2omICfUTECeouYEkEnNBOSEmisrVbW1UlVbK1W1hT/yYUAmNU8BMqn5NCCfpOYEkCtqPg3IJ6k5AeSEmisrVbW1UlVbK1W1tVJVW68cAvIkIHeomdScAHJCzSep+TQ1dwCZ1HwrIJOaCcgdK1W1tVJVWytVtbVSVVuvPEzNBGRSMwGZ1HySmhNAJjXvgExqJiAn1ExAJjUTkHdqJiCTmgnIpGZScweQSc0E5ASQSc0dK1W1tVJVWytVtbVSVVuv/AE1T1IzAbmi5oSaE0CeAmRSMwGZgExqnqJmAjKpmYCcUDMBuQJkUjMBOQFkUnNlpaq2Vqpqa6Wqtlaqagt/5MOATGruAHJCzQkgk5oTQK6ouQvIXWquAJnUTEBOqJmATGruADKpOQFkUnNlpaq2Vqpqa6WqtlaqauuVPwDkhJoJyKRmAvIUIHcBeQqQSc1daiYg79RMaiYgk5oJyF1A3qmZgExqJiCTmknNHStVtbVSVVsrVbW1UlVbrxwCMqm5S80JNVeATEA+Tc0VIJOaCciT1LwDMqk5AWRSMwGZ1FwBMqmZgExqPmmlqrZWqmprpaq2Vqpq65WHAZnU3AXknZpJzTcA8iQ1E5ATQN6pOaFmAjIBmdRMQCY1V4DcBeSEmisrVbW1UlVbK1W19covAHKXmqcAmdRMQE4AeYqaCchdat4BmdT8jdQ8ZaWqtlaqamulqrZWqmoLf+RBQCY1dwH5bWruADKpOQHkW6k5AeST1ExAJjUTkEnNlZWq2lqpqq2VqtpaqaqtVw4BmdTcBeSEmndA7lJzAsgJNVeATGomNd8KyKRmUnMHkEnNk9TcsVJVWytVtbVSVVsrVbX1yi8AMqmZgExA3qmZgExqnqTmipoTQE6omYCcUPMOyAk1k5oJyAk1E5BPAnJCzZWVqtpaqaqtlaraWqmqLfyRA0AmNd8KyAk1E5A71ExAJjVPAnKHmruAfJKau4BMau5YqaqtlaraWqmqrZWq2nrlYUAmNSeAXFEzATmhZgIyqZmA3KFmAnJCzQk1E5ArQE6omdRMQJ4CZFIzAfmklaraWqmqrZWq2lqpqi38kf84IJOaE0AmNU8B8iQ1E5BJzTsgJ9RMQO5ScweQu9Q8ZaWqtlaqamulqrZWqmrrlUNAvoGaSc0EZFJzAsikZgJyRc0EZFJzAsgdaiYgJ9ScAHICyDs1TwJyQs2VlaraWqmqrZWq2nrlD6j5NCBXgExqngTkipoJyAkgTwLyTs1dQCY1d6l5ipoTQO5YqaqtlaraWqmqrZWq2nrlYUDuUvNJQE6omYBcAXJCzZOATGruADKpmYCcAPJJQD5ppaq2Vqpqa6WqtlaqauuVvxSQE2omIJOaK0AmNROQE2omIJOaCcg7NSfUTEBOqJmAXFEzATmhZgIyqbljpaq2Vqpqa6WqtlaqauuV/3NA7gJyBcik5gSQSc1vU3MCyKTmDjUngExqJiCTmisrVbW1UlVbK1W1tVJVW688TM1vU/MkIBOQSc07IJOaJwE5oeaKmk8DMql5B+SEmknNJ61U1dZKVW2tVNXWSlVtvfIHgHwDIJOau9RMQJ4CZFJzQs0JIO/UnAAyqZmATGo+CchvW6mqrZWq2lqpqq2VqtrCH6mqf7RSVVsrVbW1UlVbK1W1tVJVWytVtbVSVVsrVbX1P7OV6qT3E3JfAAAAAElFTkSuQmCC",0,,,t,23,2025-06-17 05:11:47.637179,
15,registration,13,http://localhost:3000/training/register?session=13&qr=15,"data:image/png;base64,iVBORw0KGgoAAAANSUhEUgAAAMgAAADICAYAAACtWK6eAAAAAklEQVR4AewaftIAAAbzSURBVO3BUY5bORAEwUpC979yrr8JNkDjSZpZuCLwj1TV0UpVjVaqarRSVaOVqhqtVNVopapGK1U1Wqmq0UpVjVaqavTKXwDyG6n5BCA7NSdAdmpuAdmpOQFyQ81TQHZqbgH5jdTcWKmq0UpVjVaqarRSVaOVqhq98gZqvgXIuwE5UbMDcgvILTU7ILfU3AKyU3OiZgdkp+aWmm8B8sRKVY1Wqmq0UlWjlaoavfIhQJ5Q8xSQJ4A8oeYWkJ2aEyDvBuREzbcAeULNu61U1WilqkYrVTVaqarRSlWNXqmRmieA7NTcAvIEkBM1OyAnQP5lK1U1Wqmq0UpVjVaqavTKP0bNDsgnqNkBOVGzA3KiZgfkCTUnQHZq/hUrVTVaqarRSlWNVqpq9MqHqPmXAHkCyBNqdkBuATlR8y1qfpuVqhqtVNVopapGK1U1Wqmq0StvAORfAeREzQ7ITs0JkJ2aEyA7Nd8CZKfmFpD/i5WqGq1U1WilqkYrVTV65S+o+ZcAeTcgJ2puqbmh5gTILSBPqPk/W6mq0UpVjVaqarRSVaOVqhq98heAnKjZAfkWNSdqbqi5BeQEyE7NDsgtICdqbgA5UbMDcqJmB+QWkG9R824rVTVaqarRSlWNVqpq9MpfUHNLzRNATtTcArJTcwvILTU31JwAeQLITs1TQHZqnlBzC8gTQE7U3FipqtFKVY1Wqmq0UlWjV94AyBNqbgH5SWqeAHJLzS01n6BmB2Sn5kTNLSA7NTsgJ0B2ap5YqarRSlWNVqpqtFJVo5WqGr3yIWpOgNxQcwvIiZobQE7U7ICcqNkBuaXmW4A8oeYWkJ2aW0B+0kpVjVaqarRSVaOVqhrhH7kE5ETNE0B2ak6A7NTcAvKEmm8BckvNDsiJmh2QW2o+AcgNNSdAdmqeWKmq0UpVjVaqarRSVaOVqhrhH7kE5JaaEyA31NwC8tPU7IA8oeYWkCfUnADZqdkBuaXmFpBPUHNjpapGK1U1Wqmq0UpVjV75ECC31OyA/DQ1OyBPqPkENZ+g5rdRcwJkp+aJlaoarVTVaKWqRitVNXrlL6h5CsgNNU8BuaHmpwHZqTkB8tuo+RYgJ2rebaWqRitVNVqpqtFKVY1WqmqEf+QhIDs1nwDkW9TcArJT8wSQEzU3gJyo2QE5UbMDckvNDsgtNU8AOVFzY6WqRitVNVqpqtFKVY1e+QtAbgE5UfOEmieAPAHkRM0OyE7NCZCdmltAdmqeArJTcwvILTU7ILfUvNtKVY1Wqmq0UlWjlaoarVTV6JUvA3JDzQmQnZoTIDfUnADZqXkCyImaW0B2aj5BzQ0gt9ScANmp2QE5AbJT88RKVY1Wqmq0UlWjlaoavfIGanZATtTsgNxS84SaHZATNTsgt9TcArJTc6LmCSA7NbeAfAuQW2p2QE7U3FipqtFKVY1Wqmq0UlUj/COXgJyouQVkp2YH5Ck1N4DcUnMC5IaaEyBPqPlJQE7U7IA8oeZbVqpqtFJVo5WqGq1U1WilqkavfAiQEzU7IDs1t4CcAHlCzbsBOVHzBJCdmhMgT6i5BWSn5luAnKi5sVJVo5WqGq1U1WilqkavfBmQG0A+Qc0OyCeo2QE5AfKEmh2Qp9S8G5ATNTsgT6h5YqWqRitVNVqpqtFKVY1Wqmr0yoeoeQLIiZpbQHZAvgXILTW3gOyA7NScANmp+RY1n6Dm3VaqarRSVaOVqhqtVNXolQ8B8glAbqm5AeQEyE7NiZodkCeAnKi5AeREzRNAngDyhJpbQE7U3FipqtFKVY1Wqmq0UlWjV/6CmltqfhqQnZongDyh5gTITs0JkBtqbgE5UXNDzVNAdmp2QL5lpapGK1U1Wqmq0UpVjVaqavTKXwDyG6k5UbMDslNzAmSn5gTIDSBPqbkB5CkgTwDZqfkWNU+sVNVopapGK1U1Wqmq0StvoOZbgNwCslOzA/IJanZATtQ8AWSn5gTIt6j5SUBO1NxYqarRSlWNVqpqtFJVo5WqGr3yIUCeUPN/B2Sn5ikgOzU7ICdqngCyA/IJQHZqToC820pVjVaqarRSVaOVqhq9UiM1OyC31OyA3FJzC8hOzS0gt9TsgJyo2QG5pWYH5FtWqmq0UlWjlaoarVTV6JV/DJCdmqfU7IDs1HyCmh2QEzU7NbeA7NScALmlZgdkp+ZbVqpqtFJVo5WqGq1U1Wilqkb4Ry4BOVHzLUB2am4B+RY1t4Ds1HwCkJ2abwHyCWrebaWqRitVNVqpqtFKVY1eeQMgvxGQnZongJyoeULNDsiJmhtATtTcAvLbqDkBslPzxEpVjVaqarRSVaOVqhqtVNUI/0hVHa1U1WilqkYrVTVaqarRSlWNVqpqtFJVo5WqGq1U1eg/zlbwx2cVMPEAAAAASUVORK5CYII=",0,1000,2025-07-12 05:12:00,t,23,2025-06-17 05:12:26.021675,
